75087477;Sabrina Franecki;Liana_Hettinger@gmail.com;77;(600) 619-0202 x62214;Transgender Female;36999 Ezequiel Ferry,
63764286;Joyce Ullrich;Imani_Mitchell40@gmail.com;41;1-573-979-3928;Androgynous;025 Bartell Roads,
39652208;Lena Kutch;Domenick20@yahoo.com;98;393.759.6646 x1840;Androgynes;9704 Daniel Isle,
92237168;Mrs. Keith Cassin;Caesar_Kutch@gmail.com;47;630.541.2774;Pangender;590 Hermiston Inlet,
22885291;Howard Nicolas;Seth.Bartoletti@hotmail.com;96;1-530-775-9536;Trans Man;78526 Bartell Freeway,
95213879;Felicia Schaden;Mafalda_Brekke@hotmail.com;51;1-370-287-6900 x020;Trans Person;4876 Melissa Ville,
32841960;Mr. Roy Wuckert;Anna.Ortiz@hotmail.com;16;424-730-2639;M2F;7184 Brooks Square,
47209064;Annie Crist;Elisabeth_Leffler@hotmail.com;16;466.807.2773;Cisgender Male;37363 Candelario Land,
49620463;Yolanda Crooks;Ara53@hotmail.com;91;(360) 758-0702 x35820;Two-spirit;46629 Emmerich Ville,
59660553;Meredith Oberbrunner;Tyrel_Abernathy26@gmail.com;6;1-638-737-3983;Transexual Female;247 Steuber Falls,
57852613;Pete Blanda;Ferne_Gulgowski46@gmail.com;61;1-515-754-9553;Genderqueer;7376 Carroll Rue,
69747263;Brendan Jacobson Jr.;Percy82@gmail.com;13;1-339-351-4900 x631;Transgender Person;52149 McDermott Mountain,
76839703;Camille Schmidt;Lelia_Davis@gmail.com;26;1-697-349-2511;Intersex man;9860 Daryl Forest,
39434176;Shelia Rutherford III;Jany_Williamson70@hotmail.com;31;639-303-3275;Cisgender;5656 Windler Oval,
47209463;Tricia Koepp DDS;Justyn.Connelly78@hotmail.com;88;873.249.8265;Androgynous;385 Wiegand Villages,
23761524;Raul Powlowski;Rae_Haag@gmail.com;91;(209) 805-1754 x4541;Genderqueer;14658 Jada Path,
70286311;Leah Feeney;Carrie_Hahn@gmail.com;28;1-552-762-5448 x129;Non-binary;5717 Wolff Mill,
775290;Diana Zemlak;Zetta.Jast@yahoo.com;46;222.530.3679;Cisgender Male;0042 Shaina Stream,
22498600;Bethany Abbott;Mattie.Legros@gmail.com;30;209-672-9422 x048;Intersex person;15123 Mikayla Meadow,
99709858;Ivan Koelpin;Annie90@hotmail.com;38;(963) 214-4554 x304;Two-spirit person;63458 McGlynn Path,
21422335;Hazel Reinger;Kiana_Beier@gmail.com;98;650.745.2377 x269;Cis Female;096 Preston Avenue,
48263148;Loren Jacobi;Leo33@gmail.com;62;299-991-5774 x25114;Non-binary;9947 Diamond Junction,
62576631;Bradford Upton;Werner.Larkin33@yahoo.com;92;(316) 747-5376 x85430;Male to female trans woman;63097 Alena Lane,
91672858;Kim Wiza;Robyn.Shanahan@hotmail.com;70;513-659-3348 x1520;Polygender;12586 Augusta Turnpike,
72551798;Edwin Dickinson;Alice29@gmail.com;71;(762) 802-6111 x88785;Male to female trans woman;282 Ryan Crest,
76738070;Terrence Schiller;Eryn.Lowe@gmail.com;24;1-208-251-5728 x52711;Intersex person;237 Hudson Junction,
99754793;Marian Klein;Kadin_Leannon63@gmail.com;55;1-895-411-4798 x61008;Cisgender Man;7618 Ryder Valley,
42028727;Jacqueline Stiedemann;Garry91@hotmail.com;66;1-927-489-4674 x781;Androgynous;34559 Raphael Ports,
61328334;Leon Mraz;Lukas51@yahoo.com;21;751.521.2806 x9780;Male to female transgender woman;360 Mosciski Plains,
72712737;Rosemarie Tremblay;Joey_Hodkiewicz96@gmail.com;96;919-926-3609 x05772;Two-spirit;002 Labadie Shoal,
